text,href,posted_at
Citius TransNet InvIT,https://www.sptulsian.com/f/ipo-analysis/citius-transnet-invit,2026-04-16 16:22:00
Om Power Transmission,https://www.sptulsian.com/f/ipo-analysis/om-power-transmission,2026-04-07 20:06:00
Powerica,https://www.sptulsian.com/f/ipo-analysis/powerica,2026-03-24 19:49:00
Sai Parenterals,https://www.sptulsian.com/f/ipo-analysis/sai-parenterals,2026-03-24 14:22:00
Amir Chand Jagdish Kumar,https://www.sptulsian.com/f/ipo-analysis/amir-chand-jagdish-kumar,2026-03-24 08:15:00
Central Mine Planning,https://www.sptulsian.com/f/ipo-analysis/central-mine-planning,2026-03-23 09:02:00
GSP Crop Science,https://www.sptulsian.com/f/ipo-analysis/gsp-crop-science,2026-03-16 14:33:00
Raajmarg InvIT,https://www.sptulsian.com/f/ipo-analysis/raajmarg-invit,2026-03-11 18:32:00
Innovision Limited,https://www.sptulsian.com/f/ipo-analysis/innovision-limited,2026-03-11 08:27:00
Rajputana Stainless,https://www.sptulsian.com/f/ipo-analysis/rajputana-stainless,2026-03-11 08:26:00
Sedemac,https://www.sptulsian.com/f/ipo-analysis/sedemac,2026-03-04 21:15:00
Omnitech Engineering,https://www.sptulsian.com/f/ipo-analysis/omnitech-engineering,2026-02-25 12:56:00
Clean Max Enviro,https://www.sptulsian.com/f/ipo-analysis/clean-max-enviro,2026-02-24 20:29:00
PNGS Reva Diamond,https://www.sptulsian.com/f/ipo-analysis/pngs-reva-diamond,2026-02-21 21:13:00
Shree Ram Twistex,https://www.sptulsian.com/f/ipo-analysis/shree-ram-twistex,2026-02-21 21:10:00
Gaudium IVF,https://www.sptulsian.com/f/ipo-analysis/gaudium-ivf,2026-02-20 11:30:00
Fractal Analytics,https://www.sptulsian.com/f/ipo-analysis/fractal-analytics,2026-02-10 14:48:00
Aye Finance,https://www.sptulsian.com/f/ipo-analysis/aye-finance,2026-02-09 12:53:00
Shadowfax Technologies,https://www.sptulsian.com/f/ipo-analysis/shadowfax-technologies,2026-01-21 23:16:00
Amagi Media Labs,https://www.sptulsian.com/f/ipo-analysis/amagi-media-labs,2026-01-12 08:13:00
Bharat Coking Coal,https://www.sptulsian.com/f/ipo-analysis/bharat-coking-coal,2026-01-09 11:53:00
Gujarat Kidney,https://www.sptulsian.com/f/ipo-analysis/gujarat-kidney,2025-12-20 21:00:00
KSH International,https://www.sptulsian.com/f/ipo-analysis/ksh-international,2025-12-14 13:38:00
ICICI Pru AMC,https://www.sptulsian.com/f/ipo-analysis/icici-pru-amc,2025-12-12 11:48:00
Nephrocare Health,https://www.sptulsian.com/f/ipo-analysis/nephrocare-health,2025-12-12 06:58:00
Park Medi World,https://www.sptulsian.com/f/ipo-analysis/park-medi-world,2025-12-12 06:56:00
Corona Remedies,https://www.sptulsian.com/f/ipo-analysis/corona-remedies,2025-12-08 07:21:00
Wakefit,https://www.sptulsian.com/f/ipo-analysis/wakefit,2025-12-05 09:56:00
Meesho,https://www.sptulsian.com/f/ipo-analysis/meesho,2025-12-03 21:26:00
Aequs,https://www.sptulsian.com/f/ipo-analysis/aequs,2025-12-03 17:11:00
Vidya Wires,https://www.sptulsian.com/f/ipo-analysis/vidya-wires,2025-12-03 07:43:00
Sudeep Pharma,https://www.sptulsian.com/f/ipo-analysis/sudeep-pharma,2025-11-21 07:48:00
Excelsoft Technologies,https://www.sptulsian.com/f/ipo-analysis/excelsoft-technologies,2025-11-19 12:57:00
Capillary Technologies,https://www.sptulsian.com/f/ipo-analysis/capillary-technologies,2025-11-14 12:11:00
Fujiyama Power,https://www.sptulsian.com/f/ipo-analysis/fujiyama-solar,2025-11-13 14:10:00
Tenneco Clean Air,https://www.sptulsian.com/f/ipo-analysis/tenneco-clean-air,2025-11-12 10:19:00
Emmvee Photovoltaic,https://www.sptulsian.com/f/ipo-analysis/emmvee-photovoltaic,2025-11-11 18:04:00
PhysicsWallah,https://www.sptulsian.com/f/ipo-analysis/physicswallah,2025-11-11 11:48:00
Pine Labs,https://www.sptulsian.com/f/ipo-analysis/pine-labs,2025-11-07 08:39:00
Billionbrains,https://www.sptulsian.com/f/ipo-analysis/billionbrains,2025-11-04 16:19:00
Lenskart Solutions,https://www.sptulsian.com/f/ipo-analysis/lenskart-solutions,2025-10-31 08:41:00
Studds Accessories,https://www.sptulsian.com/f/ipo-analysis/studds-accessories,2025-10-29 17:08:00
Orkla India,https://www.sptulsian.com/f/ipo-analysis/orkla-india,2025-10-29 17:05:00
Midwest Limited,https://www.sptulsian.com/f/ipo-analysis/midwest-limited,2025-10-15 18:15:00
Canara HSBC Life,https://www.sptulsian.com/f/ipo-analysis/canara-hsbc-life,2025-10-09 21:38:00
Rubicon Research,https://www.sptulsian.com/f/ipo-analysis/rubicon-research,2025-10-09 19:41:00
Canara Robeco AMC,https://www.sptulsian.com/f/ipo-analysis/canara-robeco-amc,2025-10-09 08:31:00
Anantam Highways Trust,https://www.sptulsian.com/f/ipo-analysis/anantam-highways-trust,2025-10-07 16:47:00
LG Electronics,https://www.sptulsian.com/f/ipo-analysis/lg-electronics,2025-10-05 19:26:00
Tata Capital,https://www.sptulsian.com/f/ipo-analysis/tata-capital,2025-10-05 19:22:00
WeWork India,https://www.sptulsian.com/f/ipo-analysis/wework-india,2025-10-04 21:45:00
Advance Agrolife,https://www.sptulsian.com/f/ipo-analysis/advance-agrolife,2025-09-30 16:37:00
TruAlt Bioenergy,https://www.sptulsian.com/f/ipo-analysis/trualt-bioenergy,2025-09-30 14:58:00
Jinkushal Industries,https://www.sptulsian.com/f/ipo-analysis/jinkushal-industries,2025-09-29 10:46:00
Fabtech Technologies,https://www.sptulsian.com/f/ipo-analysis/fabtech-technologies,2025-09-29 07:47:00
Glottis,https://www.sptulsian.com/f/ipo-analysis/glottis,2025-09-28 14:18:00
Om Freight,https://www.sptulsian.com/f/ipo-analysis/om-freight,2025-09-28 14:14:00
Pace Digitek,https://www.sptulsian.com/f/ipo-analysis/pace-digitek,2025-09-28 14:12:00
Jain Resource Recycling,https://www.sptulsian.com/f/ipo-analysis/jain-resource-recycling,2025-09-26 10:53:00
BMW Ventures,https://www.sptulsian.com/f/ipo-analysis/bmw-ventures,2025-09-24 17:44:00
Seshasaai Technologies,https://www.sptulsian.com/f/ipo-analysis/seshasaai-technologies,2025-09-24 10:42:00
Solarworld Energy,https://www.sptulsian.com/f/ipo-analysis/solarworld-energy,2025-09-24 06:16:00
Epack Prefab,https://www.sptulsian.com/f/ipo-analysis/epack-prefab,2025-09-23 10:28:00
Jaro Institute,https://www.sptulsian.com/f/ipo-analysis/jaro-institute,2025-09-23 10:26:00
Anand Rathi Share,https://www.sptulsian.com/f/ipo-analysis/anand-rathi-share,2025-09-23 10:23:00
Atlanta Electricals,https://www.sptulsian.com/f/ipo-analysis/atlanta-electricals,2025-09-22 06:56:00
Ganesh Consumer,https://www.sptulsian.com/f/ipo-analysis/ganesh-consumer,2025-09-21 16:19:00
GK Energy,https://www.sptulsian.com/f/ipo-analysis/gk-energy,2025-09-21 10:02:00
Saatvik Energy,https://www.sptulsian.com/f/ipo-analysis/saatvik-energy,2025-09-19 10:37:00
VMS TMT,https://www.sptulsian.com/f/ipo-analysis/vms-tmt,2025-09-17 11:24:00
IValue Info,https://www.sptulsian.com/f/ipo-analysis/ivalue-info,2025-09-17 08:42:00
Euro Pratik,https://www.sptulsian.com/f/ipo-analysis/euro-pratik,2025-09-14 17:14:00
Dev Accelerator,https://www.sptulsian.com/f/ipo-analysis/dev-accelerator,2025-09-10 21:09:00
Urban Company,https://www.sptulsian.com/f/ipo-analysis/urban-company,2025-09-10 13:59:00
Shringar House of Mangalsutra,https://www.sptulsian.com/f/ipo-analysis/shringar-house-mangalsutra,2025-09-08 11:45:00
Amanta Health,https://www.sptulsian.com/f/ipo-analysis/amanta-health,2025-08-26 15:25:00
Anlon Health,https://www.sptulsian.com/f/ipo-analysis/anlon-health,2025-08-26 15:22:00
Vikran Engineering,https://www.sptulsian.com/f/ipo-analysis/vikran-engineering,2025-08-22 13:46:00
Vikram Solar,https://www.sptulsian.com/f/ipo-analysis/vikram-solar,2025-08-20 21:55:00
Mangal Electrical,https://www.sptulsian.com/f/ipo-analysis/mangal-electrical,2025-08-20 09:04:00
Gem Aromatics,https://www.sptulsian.com/f/ipo-analysis/gem-aromatics,2025-08-18 20:29:00
Patel Retail,https://www.sptulsian.com/f/ipo-analysis/patel-retail,2025-08-17 21:46:00
Shreeji Shipping,https://www.sptulsian.com/f/ipo-analysis/shreeji-shipping,2025-08-17 21:44:00
Regaal Resources,https://www.sptulsian.com/f/ipo-analysis/regaal-resources,2025-08-13 07:54:00
Bluestone Jewellery,https://www.sptulsian.com/f/ipo-analysis/bluestone-jewellery,2025-08-10 16:29:00
All Time Plastics,https://www.sptulsian.com/f/ipo-analysis/all-time-plastics,2025-08-07 09:57:00
Knowledge Realty Trust REIT,https://www.sptulsian.com/f/ipo-analysis/knowledge-realty-trust-reit,2025-08-05 16:08:00
JSW Cement,https://www.sptulsian.com/f/ipo-analysis/jsw-cement,2025-08-04 22:18:00
Highway Infrastructure Limited,https://www.sptulsian.com/f/ipo-analysis/highway-infrastructure-limited,2025-08-04 11:00:00
M&B Engineering,https://www.sptulsian.com/f/ipo-analysis/mb-engineering,2025-07-30 17:56:00
Sri Lotus Developers,https://www.sptulsian.com/f/ipo-analysis/sri-lotus-developers,2025-07-30 15:12:00
Aditya Infotech,https://www.sptulsian.com/f/ipo-analysis/aditya-infotech,2025-07-29 22:17:00
Laxmi India Finance,https://www.sptulsian.com/f/ipo-analysis/laxmi-india-finance,2025-07-26 17:16:00
NSDL,https://www.sptulsian.com/f/ipo-analysis/nsdl,2025-07-25 11:50:00
Shanti Gold,https://www.sptulsian.com/f/ipo-analysis/shanti-gold,2025-07-25 08:53:00
Brigade Hotel Ventures,https://www.sptulsian.com/f/ipo-analysis/brigade-hotel-ventures,2025-07-24 08:35:00
Indiqube Spaces,https://www.sptulsian.com/f/ipo-analysis/indiqube-spaces,2025-07-22 15:55:00
GNG Electronics,https://www.sptulsian.com/f/ipo-analysis/gng-electronics,2025-07-20 21:49:00
Anthem Biosciences,https://www.sptulsian.com/f/ipo-analysis/anthem-biosciences,2025-07-13 20:58:00
Smartworks Coworking,https://www.sptulsian.com/f/ipo-analysis/smartworks-coworking,2025-07-10 17:09:00
Travel Food Services,https://www.sptulsian.com/f/ipo-analysis/travel-food-services,2025-07-06 15:53:00
Crizac,https://www.sptulsian.com/f/ipo-analysis/crizac,2025-06-29 12:51:00
Indogulf Crop Sciences,https://www.sptulsian.com/f/ipo-analysis/indogulf-crop-sciences,2025-06-25 18:20:00
Sambhv Steel Tubes,https://www.sptulsian.com/f/ipo-analysis/sambhv-steel-tubes,2025-06-25 15:52:00
Globe Civil Projects,https://www.sptulsian.com/f/ipo-analysis/globe-civil-projects,2025-06-23 22:32:00
Ellenbarrie Industrial Gases,https://www.sptulsian.com/f/ipo-analysis/ellenbarrie-industrial-gases,2025-06-23 22:06:00
HDB Financial,https://www.sptulsian.com/f/ipo-analysis/hdb-financial,2025-06-23 07:32:00
Kalpataru Limited,https://www.sptulsian.com/f/ipo-analysis/kalpataru-limited,2025-06-22 21:25:00
ArisInfra Solutions,https://www.sptulsian.com/f/ipo-analysis/arisinfra-solutions,2025-06-17 14:37:00
Oswal Pumps,https://www.sptulsian.com/f/ipo-analysis/oswal-pumps,2025-06-13 12:12:00
Scoda Tubes,https://www.sptulsian.com/f/ipo-analysis/scoda-tubes,2025-05-28 08:17:00
Prostarm Info Systems,https://www.sptulsian.com/f/ipo-analysis/prostram-info-systems,2025-05-27 17:14:00
Aegis Vopak Terminals,https://www.sptulsian.com/f/ipo-analysis/aegis-vopak-terminals,2025-05-26 16:48:00
Schloss Bangalore,https://www.sptulsian.com/f/ipo-analysis/schloss-bangalore,2025-05-26 08:46:00
Belrise Industries,https://www.sptulsian.com/f/ipo-analysis/belrise-industries,2025-05-21 11:54:00
Borana Weaves,https://www.sptulsian.com/f/ipo-analysis/borona-weaves,2025-05-21 08:25:00
Ather Energy,https://www.sptulsian.com/f/ipo-analysis/ather-energy,2025-04-24 12:39:00
Quality Power Electrical,https://www.sptulsian.com/f/ipo-analysis/quality-power-electrical,2025-02-11 16:40:00
Hexaware Technologies,https://www.sptulsian.com/f/ipo-analysis/hexaware,2025-02-10 10:47:00
Ajax Engineering,https://www.sptulsian.com/f/ipo-analysis/ajax-engineering,2025-02-10 09:43:00
